Workbook

Sheet Faits
A1: Fait | B1: Vrai ? | C1: Catégorie | D1: Espèce établie
A2: a du poil | B2: FALSE | C2: observable | D2: =IF(AND($B2=TRUE,ISNUMBER(SEARCH("espèce",$C2))),$A2,"")
A3: allaite ses petits | B3: FALSE | C3: observable | D3: =IF(AND($B3=TRUE,ISNUMBER(SEARCH("espèce",$C3))),$A3,"")
A4: a des plumes | B4: FALSE | C4: observable | D4: =IF(AND($B4=TRUE,ISNUMBER(SEARCH("espèce",$C4))),$A4,"")
A5: pond des œufs | B5: FALSE | C5: observable | D5: =IF(AND($B5=TRUE,ISNUMBER(SEARCH("espèce",$C5))),$A5,"")
A6: mange de la viande | B6: FALSE | C6: observable | D6: =IF(AND($B6=TRUE,ISNUMBER(SEARCH("espèce",$C6))),$A6,"")
A7: a des dents pointues | B7: FALSE | C7: observable | D7: =IF(AND($B7=TRUE,ISNUMBER(SEARCH("espèce",$C7))),$A7,"")
A8: a des griffes | B8: FALSE | C8: observable | D8: =IF(AND($B8=TRUE,ISNUMBER(SEARCH("espèce",$C8))),$A8,"")
A9: a des sabots | B9: FALSE | C9: observable | D9: =IF(AND($B9=TRUE,ISNUMBER(SEARCH("espèce",$C9))),$A9,"")
A10: rumine | B10: FALSE | C10: observable | D10: =IF(AND($B10=TRUE,ISNUMBER(SEARCH("espèce",$C10))),$A10,"")
A11: robe fauve | B11: FALSE | C11: observable | D11: =IF(AND($B11=TRUE,ISNUMBER(SEARCH("espèce",$C11))),$A11,"")
A12: taches sombres | B12: FALSE | C12: observable | D12: =IF(AND($B12=TRUE,ISNUMBER(SEARCH("espèce",$C12))),$A12,"")
A13: rayures noires | B13: FALSE | C13: observable | D13: =IF(AND($B13=TRUE,ISNUMBER(SEARCH("espèce",$C13))),$A13,"")
... A26: manchot | B26: FALSE | C26: espèce (conclusion) | D26: =IF(AND($B26=TRUE,ISNUMBER(SEARCH("espèce",$C26))),$A26,"")
B27: FALSE | D27: =IF(AND($B27=TRUE,ISNUMBER(SEARCH("espèce",$C27))),$A27,"")
B28: FALSE | D28: =IF(AND($B28=TRUE,ISNUMBER(SEARCH("espèce",$C28))),$A28,"")
B29: FALSE | D29: =IF(AND($B29=TRUE,ISNUMBER(SEARCH("espèce",$C29))),$A29,"")
B30: FALSE | D30: =IF(AND($B30=TRUE,ISNUMBER(SEARCH("espèce",$C30))),$A30,"")
B31: FALSE | D31: =IF(AND($B31=TRUE,ISNUMBER(SEARCH("espèce",$C31))),$A31,"")
B32: FALSE | D32: =IF(AND($B32=TRUE,ISNUMBER(SEARCH("espèce",$C32))),$A32,"")
B33: FALSE | D33: =IF(AND($B33=TRUE,ISNUMBER(SEARCH("espèce",$C33))),$A33,"")
B34: FALSE | D34: =IF(AND($B34=TRUE,ISNUMBER(SEARCH("espèce",$C34))),$A34,"")
B35: FALSE | D35: =IF(AND($B35=TRUE,ISNUMBER(SEARCH("espèce",$C35))),$A35,"")
B36: FALSE | D36: =IF(AND($B36=TRUE,ISNUMBER(SEARCH("espèce",$C36))),$A36,"")
B37: FALSE | D37: =IF(AND($B37=TRUE,ISNUMBER(SEARCH("espèce",$C37))),$A37,"")
B38: FALSE | D38: =IF(AND($B38=TRUE,ISNUMBER(SEARCH("espèce",$C38))),$A38,"")
... B40: FALSE | D40: =IF(AND($B40=TRUE,ISNUMBER(SEARCH("espèce",$C40))),$A40,"")

Sheet Base de règles
A1: =IF(TEXTJOIN("",TRUE,Faits!$D$2:$D$40)<>"","🎯 Animal identifié : "&TEXTJOIN("",TRUE,Faits!$D$2:$D$40),IF(SUMPRODUCT(--(G3:G22=TRUE))>0,"▶ Continuez : déclenchez une règle surlignée en vert",IF(SUMPRODUCT(--(Faits!$B$2:$B$40=TRUE))>0,"⛔ Bloqué : aucune espèce trouvée — il faut ajouter une règle (étape Étendre)","⏳ Cochez les caractéristiques du cas dans l’onglet Faits")))
A2: Règle | B2: Condition 1 | C2: Condition 2 | D2: Condition 3 | E2: Condition 4 | F2: → Conclusion | G2: Activable ? (calculé) | H2: Déjà conclue ? (calculé)
A3: R1 | B3: a du poil | F3: mammifère | G3: =IF($F3="","",AND(IF($B3="",TRUE,VLOOKUP($B3,Faits!$A:$B,2,FALSE)),IF($C3="",TRUE,VLOOKUP($C3,Faits!$A:$B,2,FALSE)),IF($D3="",TRUE,VLOOKUP($D3,Faits!$A:$B,2,FALSE)),IF($E3="",TRUE,VLOOKUP($E3,Faits!$A:$B,2,FALSE)),NOT(VLOOKUP($F3,Faits!$A:$B,2,FALSE)))) | H3: =IF($F3="","",VLOOKUP($F3,Faits!$A:$B,2,FALSE))
A4: R2 | B4: allaite ses petits | F4: mammifère | G4: =IF($F4="","",AND(IF($B4="",TRUE,VLOOKUP($B4,Faits!$A:$B,2,FALSE)),IF($C4="",TRUE,VLOOKUP($C4,Faits!$A:$B,2,FALSE)),IF($D4="",TRUE,VLOOKUP($D4,Faits!$A:$B,2,FALSE)),IF($E4="",TRUE,VLOOKUP($E4,Faits!$A:$B,2,FALSE)),NOT(VLOOKUP($F4,Faits!$A:$B,2,FALSE)))) | H4: =IF($F4="","",VLOOKUP($F4,Faits!$A:$B,2,FALSE))
A5: R3 | B5: a des plumes | F5: oiseau | G5: =IF($F5="","",AND(IF($B5="",TRUE,VLOOKUP($B5,Faits!$A:$B,2,FALSE)),IF($C5="",TRUE,VLOOKUP($C5,Faits!$A:$B,2,FALSE)),IF($D5="",TRUE,VLOOKUP($D5,Faits!$A:$B,2,FALSE)),IF($E5="",TRUE,VLOOKUP($E5,Faits!$A:$B,2,FALSE)),NOT(VLOOKUP($F5,Faits!$A:$B,2,FALSE)))) | H5: =IF($F5="","",VLOOKUP($F5,Faits!$A:$B,2,FALSE))
A6: R4 | B6: mammifère | C6: mange de la viande | F6: carnivore | G6: =IF($F6="","",AND(IF($B6="",TRUE,VLOOKUP($B6,Faits!$A:$B,2,FALSE)),IF($C6="",TRUE,VLOOKUP($C6,Faits!$A:$B,2,FALSE)),IF($D6="",TRUE,VLOOKUP($D6,Faits!$A:$B,2,FALSE)),IF($E6="",TRUE,VLOOKUP($E6,Faits!$A:$B,2,FALSE)),NOT(VLOOKUP($F6,Faits!$A:$B,2,FALSE)))) | H6: =IF($F6="","",VLOOKUP($F6,Faits!$A:$B,2,FALSE))
A7: R5 | B7: mammifère | C7: a des dents pointues | D7: a des griffes | F7: carnivore | G7: =IF($F7="","",AND(IF($B7="",TRUE,VLOOKUP($B7,Faits!$A:$B,2,FALSE)),IF($C7="",TRUE,VLOOKUP($C7,Faits!$A:$B,2,FALSE)),IF($D7="",TRUE,VLOOKUP($D7,Faits!$A:$B,2,FALSE)),IF($E7="",TRUE,VLOOKUP($E7,Faits!$A:$B,2,FALSE)),NOT(VLOOKUP($F7,Faits!$A:$B,2,FALSE)))) | H7: =IF($F7="","",VLOOKUP($F7,Faits!$A:$B,2,FALSE))
A8: R6 | B8: carnivore | C8: robe fauve | D8: taches sombres | F8: guépard | G8: =IF($F8="","",AND(IF($B8="",TRUE,VLOOKUP($B8,Faits!$A:$B,2,FALSE)),IF($C8="",TRUE,VLOOKUP($C8,Faits!$A:$B,2,FALSE)),IF($D8="",TRUE,VLOOKUP($D8,Faits!$A:$B,2,FALSE)),IF($E8="",TRUE,VLOOKUP($E8,Faits!$A:$B,2,FALSE)),NOT(VLOOKUP($F8,Faits!$A:$B,2,FALSE)))) | H8: =IF($F8="","",VLOOKUP($F8,Faits!$A:$B,2,FALSE))
A9: R7 | B9: carnivore | C9: robe fauve | D9: rayures noires | F9: tigre | G9: =IF($F9="","",AND(IF($B9="",TRUE,VLOOKUP($B9,Faits!$A:$B,2,FALSE)),IF($C9="",TRUE,VLOOKUP($C9,Faits!$A:$B,2,FALSE)),IF($D9="",TRUE,VLOOKUP($D9,Faits!$A:$B,2,FALSE)),IF($E9="",TRUE,VLOOKUP($E9,Faits!$A:$B,2,FALSE)),NOT(VLOOKUP($F9,Faits!$A:$B,2,FALSE)))) | H9: =IF($F9="","",VLOOKUP($F9,Faits!$A:$B,2,FALSE))
A10: R8 | B10: mammifère | C10: rumine | D10: long cou | E10: taches sombres | F10: girafe | G10: =IF($F10="","",AND(IF($B10="",TRUE,VLOOKUP($B10,Faits!$A:$B,2,FALSE)),IF($C10="",TRUE,VLOOKUP($C10,Faits!$A:$B,2,FALSE)),IF($D10="",TRUE,VLOOKUP($D10,Faits!$A:$B,2,FALSE)),IF($E10="",TRUE,VLOOKUP($E10,Faits!$A:$B,2,FALSE)),NOT(VLOOKUP($F10,Faits!$A:$B,2,FALSE)))) | H10: =IF($F10="","",VLOOKUP($F10,Faits!$A:$B,2,FALSE))
A11: R9 | B11: mammifère | C11: a des sabots | D11: rayures noires | F11: zèbre | G11: =IF($F11="","",AND(IF($B11="",TRUE,VLOOKUP($B11,Faits!$A:$B,2,FALSE)),IF($C11="",TRUE,VLOOKUP($C11,Faits!$A:$B,2,FALSE)),IF($D11="",TRUE,VLOOKUP($D11,Faits!$A:$B,2,FALSE)),IF($E11="",TRUE,VLOOKUP($E11,Faits!$A:$B,2,FALSE)),NOT(VLOOKUP($F11,Faits!$A:$B,2,FALSE)))) | H11: =IF($F11="","",VLOOKUP($F11,Faits!$A:$B,2,FALSE))
A12: R10 | B12: oiseau | C12: incapable de voler | D12: long cou | F12: autruche | G12: =IF($F12="","",AND(IF($B12="",TRUE,VLOOKUP($B12,Faits!$A:$B,2,FALSE)),IF($C12="",TRUE,VLOOKUP($C12,Faits!$A:$B,2,FALSE)),IF($D12="",TRUE,VLOOKUP($D12,Faits!$A:$B,2,FALSE)),IF($E12="",TRUE,VLOOKUP($E12,Faits!$A:$B,2,FALSE)),NOT(VLOOKUP($F12,Faits!$A:$B,2,FALSE)))) | H12: =IF($F12="","",VLOOKUP($F12,Faits!$A:$B,2,FALSE))
A13: R11 | B13: oiseau | C13: incapable de voler | D13: nage | E13: plumage noir et blanc | F13: manchot | G13: =IF($F13="","",AND(IF($B13="",TRUE,VLOOKUP($B13,Faits!$A:$B,2,FALSE)),IF($C13="",TRUE,VLOOKUP($C13,Faits!$A:$B,2,FALSE)),IF($D13="",TRUE,VLOOKUP($D13,Faits!$A:$B,2,FALSE)),IF($E13="",TRUE,VLOOKUP($E13,Faits!$A:$B,2,FALSE)),NOT(VLOOKUP($F13,Faits!$A:$B,2,FALSE)))) | H13: =IF($F13="","",VLOOKUP($F13,Faits!$A:$B,2,FALSE))
G14: =IF($F14="","",AND(IF($B14="",TRUE,VLOOKUP($B14,Faits!$A:$B,2,FALSE)),IF($C14="",TRUE,VLOOKUP($C14,Faits!$A:$B,2,FALSE)),IF($D14="",TRUE,VLOOKUP($D14,Faits!$A:$B,2,FALSE)),IF($E14="",TRUE,VLOOKUP($E14,Faits!$A:$B,2,FALSE)),NOT(VLOOKUP($F14,Faits!$A:$B,2,FALSE)))) | H14: =IF($F14="","",VLOOKUP($F14,Faits!$A:$B,2,FALSE))
G15: =IF($F15="","",AND(IF($B15="",TRUE,VLOOKUP($B15,Faits!$A:$B,2,FALSE)),IF($C15="",TRUE,VLOOKUP($C15,Faits!$A:$B,2,FALSE)),IF($D15="",TRUE,VLOOKUP($D15,Faits!$A:$B,2,FALSE)),IF($E15="",TRUE,VLOOKUP($E15,Faits!$A:$B,2,FALSE)),NOT(VLOOKUP($F15,Faits!$A:$B,2,FALSE)))) | H15: =IF($F15="","",VLOOKUP($F15,Faits!$A:$B,2,FALSE))
G16: =IF($F16="","",AND(IF($B16="",TRUE,VLOOKUP($B16,Faits!$A:$B,2,FALSE)),IF($C16="",TRUE,VLOOKUP($C16,Faits!$A:$B,2,FALSE)),IF($D16="",TRUE,VLOOKUP($D16,Faits!$A:$B,2,FALSE)),IF($E16="",TRUE,VLOOKUP($E16,Faits!$A:$B,2,FALSE)),NOT(VLOOKUP($F16,Faits!$A:$B,2,FALSE)))) | H16: =IF($F16="","",VLOOKUP($F16,Faits!$A:$B,2,FALSE))
G17: =IF($F17="","",AND(IF($B17="",TRUE,VLOOKUP($B17,Faits!$A:$B,2,FALSE)),IF($C17="",TRUE,VLOOKUP($C17,Faits!$A:$B,2,FALSE)),IF($D17="",TRUE,VLOOKUP($D17,Faits!$A:$B,2,FALSE)),IF($E17="",TRUE,VLOOKUP($E17,Faits!$A:$B,2,FALSE)),NOT(VLOOKUP($F17,Faits!$A:$B,2,FALSE)))) | H17: =IF($F17="","",VLOOKUP($F17,Faits!$A:$B,2,FALSE))
G18: =IF($F18="","",AND(IF($B18="",TRUE,VLOOKUP($B18,Faits!$A:$B,2,FALSE)),IF($C18="",TRUE,VLOOKUP($C18,Faits!$A:$B,2,FALSE)),IF($D18="",TRUE,VLOOKUP($D18,Faits!$A:$B,2,FALSE)),IF($E18="",TRUE,VLOOKUP($E18,Faits!$A:$B,2,FALSE)),NOT(VLOOKUP($F18,Faits!$A:$B,2,FALSE)))) | H18: =IF($F18="","",VLOOKUP($F18,Faits!$A:$B,2,FALSE))
G19: =IF($F19="","",AND(IF($B19="",TRUE,VLOOKUP($B19,Faits!$A:$B,2,FALSE)),IF($C19="",TRUE,VLOOKUP($C19,Faits!$A:$B,2,FALSE)),IF($D19="",TRUE,VLOOKUP($D19,Faits!$A:$B,2,FALSE)),IF($E19="",TRUE,VLOOKUP($E19,Faits!$A:$B,2,FALSE)),NOT(VLOOKUP($F19,Faits!$A:$B,2,FALSE)))) | H19: =IF($F19="","",VLOOKUP($F19,Faits!$A:$B,2,FALSE))
G20: =IF($F20="","",AND(IF($B20="",TRUE,VLOOKUP($B20,Faits!$A:$B,2,FALSE)),IF($C20="",TRUE,VLOOKUP($C20,Faits!$A:$B,2,FALSE)),IF($D20="",TRUE,VLOOKUP($D20,Faits!$A:$B,2,FALSE)),IF($E20="",TRUE,VLOOKUP($E20,Faits!$A:$B,2,FALSE)),NOT(VLOOKUP($F20,Faits!$A:$B,2,FALSE)))) | H20: =IF($F20="","",VLOOKUP($F20,Faits!$A:$B,2,FALSE))
G21: =IF($F21="","",AND(IF($B21="",TRUE,VLOOKUP($B21,Faits!$A:$B,2,FALSE)),IF($C21="",TRUE,VLOOKUP($C21,Faits!$A:$B,2,FALSE)),IF($D21="",TRUE,VLOOKUP($D21,Faits!$A:$B,2,FALSE)),IF($E21="",TRUE,VLOOKUP($E21,Faits!$A:$B,2,FALSE)),NOT(VLOOKUP($F21,Faits!$A:$B,2,FALSE)))) | H21: =IF($F21="","",VLOOKUP($F21,Faits!$A:$B,2,FALSE))
G22: =IF($F22="","",AND(IF($B22="",TRUE,VLOOKUP($B22,Faits!$A:$B,2,FALSE)),IF($C22="",TRUE,VLOOKUP($C22,Faits!$A:$B,2,FALSE)),IF($D22="",TRUE,VLOOKUP($D22,Faits!$A:$B,2,FALSE)),IF($E22="",TRUE,VLOOKUP($E22,Faits!$A:$B,2,FALSE)),NOT(VLOOKUP($F22,Faits!$A:$B,2,FALSE)))) | H22: =IF($F22="","",VLOOKUP($F22,Faits!$A:$B,2,FALSE))
